#node1	node2	node1_string_id	node2_string_id	neighborhood_on_chromosome	gene_fusion	phylogenetic_cooccurrence	homology	coexpression	experimentally_determined_interaction	database_annotated	automated_textmining	combined_score
CACNG2	DLG4	0	0	0	0	0	0	0	0	0	0	0.999
CACNG2	GRIA1	0	0	0	0	0	0	0	0	0	0	0.999
CACNG2	GRIA2	0	0	0	0	0	0	0	0	0	0	0.995
CACNG2	GRIA3	0	0	0	0	0	0	0	0	0	0	0.984
CACNG2	GRIA4	0	0	0	0	0	0	0	0	0	0	0.975
CACNG2	SHISA9	0	0	0	0	0	0	0	0	0	0	0.973
CACNG2	CACNG1	0	0	0	0	0	0	0	0	0	0	0.962
CACNG2	CACNB4	0	0	0	0	0	0	0	0	0	0	0.951
CACNG2	DLG1	0	0	0	0	0	0	0	0	0	0	0.941
CACNG2	ADAM22	0	0	0	0	0	0	0	0	0	0	0.937
GRIA1	GRIA2	0	0	0	0	0	0	0	0	0	0	0.999
GRIA1	GRIA3	0	0	0	0	0	0	0	0	0	0	0.999
GRIA1	DLG1	0	0	0	0	0	0	0	0	0	0	0.999
GRIA1	CACNG2	0	0	0	0	0	0	0	0	0	0	0.999
GRIA1	CAMK2A	0	0	0	0	0	0	0	0	0	0	0.999
GRIA1	GRIA4	0	0	0	0	0	0	0	0	0	0	0.997
GRIA1	EPB41L1	0	0	0	0	0	0	0	0	0	0	0.997
GRIA1	CACNG8	0	0	0	0	0	0	0	0	0	0	0.996
GRIA1	CNIH2	0	0	0	0	0	0	0	0	0	0	0.995
GRIA1	DLG4	0	0	0	0	0	0	0	0	0	0	0.994
GRIN1	GRIN2A	0	0	0	0	0	0	0	0	0	0	0.999
GRIN1	GRIN2B	0	0	0	0	0	0	0	0	0	0	0.999
GRIN1	GRIN2D	0	0	0	0	0	0	0	0	0	0	0.999
GRIN1	GRIN2C	0	0	0	0	0	0	0	0	0	0	0.999
GRIN1	GRIN3B	0	0	0	0	0	0	0	0	0	0	0.999
GRIN1	GRIN3A	0	0	0	0	0	0	0	0	0	0	0.999
GRIN1	DLG4	0	0	0	0	0	0	0	0	0	0	0.998
GRIN1	CALM3	0	0	0	0	0	0	0	0	0	0	0.996
GRIN1	CALML4	0	0	0	0	0	0	0	0	0	0	0.964
GRIN1	CALML3	0	0	0	0	0	0	0	0	0	0	0.96
GRIN2A	GRIN1	0	0	0	0	0	0	0	0	0	0	0.999
GRIN2A	GRIN2B	0	0	0	0	0	0	0	0	0	0	0.999
GRIN2A	GRIN3A	0	0	0	0	0	0	0	0	0	0	0.999
GRIN2A	DLG4	0	0	0	0	0	0	0	0	0	0	0.999
GRIN2A	GRIN2C	0	0	0	0	0	0	0	0	0	0	0.998
GRIN2A	GRIN2D	0	0	0	0	0	0	0	0	0	0	0.998
GRIN2A	DLG3	0	0	0	0	0	0	0	0	0	0	0.998
GRIN2A	GRIN3B	0	0	0	0	0	0	0	0	0	0	0.998
GRIN2A	DLG2	0	0	0	0	0	0	0	0	0	0	0.997
GRIN2A	FYN	0	0	0	0	0	0	0	0	0	0	0.981
GRIN2B	GRIN2A	0	0	0	0	0	0	0	0	0	0	0.999
GRIN2B	GRIN1	0	0	0	0	0	0	0	0	0	0	0.999
GRIN2B	DLG4	0	0	0	0	0	0	0	0	0	0	0.999
GRIN2B	CAMK2A	0	0	0	0	0	0	0	0	0	0	0.999
GRIN2B	GRIN3A	0	0	0	0	0	0	0	0	0	0	0.999
GRIN2B	GRIN2D	0	0	0	0	0	0	0	0	0	0	0.998
GRIN2B	GRIN2C	0	0	0	0	0	0	0	0	0	0	0.998
GRIN2B	DLG3	0	0	0	0	0	0	0	0	0	0	0.998
GRIN2B	DLG2	0	0	0	0	0	0	0	0	0	0	0.996
GRIN2B	GRIN3B	0	0	0	0	0	0	0	0	0	0	0.996
GRM1	GNAQ	0	0	0	0	0	0	0	0	0	0	0.998
GRM1	HOMER1	0	0	0	0	0	0	0	0	0	0	0.998
GRM1	HOMER3	0	0	0	0	0	0	0	0	0	0	0.99
GRM1	HOMER2	0	0	0	0	0	0	0	0	0	0	0.989
GRM1	GRM5	0	0	0	0	0	0	0	0	0	0	0.977
GRM1	CAMK2A	0	0	0	0	0	0	0	0	0	0	0.968
GRM1	SPTBN2	0	0	0	0	0	0	0	0	0	0	0.94
GRM1	DLGAP1	0	0	0	0	0	0	0	0	0	0	0.938
GRM1	CAMK2B	0	0	0	0	0	0	0	0	0	0	0.933
GRM1	AGAP2	0	0	0	0	0	0	0	0	0	0	0.928
GRM5	HOMER1	0	0	0	0	0	0	0	0	0	0	0.999
GRM5	GNAQ	0	0	0	0	0	0	0	0	0	0	0.999
GRM5	GRM1	0	0	0	0	0	0	0	0	0	0	0.977
GRM5	ADORA2A	0	0	0	0	0	0	0	0	0	0	0.976
GRM5	CAMK2A	0	0	0	0	0	0	0	0	0	0	0.975
GRM5	HOMER2	0	0	0	0	0	0	0	0	0	0	0.965
GRM5	PRNP	0	0	0	0	0	0	0	0	0	0	0.953
GRM5	CHRM1	0	0	0	0	0	0	0	0	0	0	0.95
GRM5	CHRM5	0	0	0	0	0	0	0	0	0	0	0.946
GRM5	SHANK1	0	0	0	0	0	0	0	0	0	0	0.939
LLGL1	PRKCZ	0	0	0	0	0	0	0	0	0	0	0.995
LLGL1	LLGL2	0	0	0	0	0	0	0	0	0	0	0.993
LLGL1	PRKCI	0	0	0	0	0	0	0	0	0	0	0.993
LLGL1	DLG4	0	0	0	0	0	0	0	0	0	0	0.983
LLGL1	DLG1	0	0	0	0	0	0	0	0	0	0	0.975
LLGL1	SCRIB	0	0	0	0	0	0	0	0	0	0	0.964
LLGL1	PARD6B	0	0	0	0	0	0	0	0	0	0	0.949
LLGL1	DLG3	0	0	0	0	0	0	0	0	0	0	0.939
LLGL1	UBE3A	0	0	0	0	0	0	0	0	0	0	0.905
LLGL1	DLG5	0	0	0	0	0	0	0	0	0	0	0.841
NLGN1	NRXN1	0	0	0	0	0	0	0	0	0	0	0.999
NLGN1	DLG4	0	0	0	0	0	0	0	0	0	0	0.999
NLGN1	NRXN2	0	0	0	0	0	0	0	0	0	0	0.999
NLGN1	SHANK3	0	0	0	0	0	0	0	0	0	0	0.978
NLGN1	NRXN3	0	0	0	0	0	0	0	0	0	0	0.964
NLGN1	NXN	0	0	0	0	0	0	0	0	0	0	0.949
NLGN1	DLGAP1	0	0	0	0	0	0	0	0	0	0	0.927
NLGN1	SHANK1	0	0	0	0	0	0	0	0	0	0	0.926
NLGN1	SHANK2	0	0	0	0	0	0	0	0	0	0	0.914
NLGN1	MAGI2	0	0	0	0	0	0	0	0	0	0	0.893
NLGN2	NRXN2	0	0	0	0	0	0	0	0	0	0	0.999
NLGN2	NRXN1	0	0	0	0	0	0	0	0	0	0	0.999
NLGN2	DLG4	0	0	0	0	0	0	0	0	0	0	0.998
NLGN2	MDGA1	0	0	0	0	0	0	0	0	0	0	0.994
NLGN2	NRXN3	0	0	0	0	0	0	0	0	0	0	0.978
NLGN2	GPHN	0	0	0	0	0	0	0	0	0	0	0.968
NLGN2	ARHGEF9	0	0	0	0	0	0	0	0	0	0	0.95
NLGN2	SHANK3	0	0	0	0	0	0	0	0	0	0	0.935
NLGN2	LHFPL4	0	0	0	0	0	0	0	0	0	0	0.929
NLGN2	LHFPL3	0	0	0	0	0	0	0	0	0	0	0.902
NLGN3	NRXN1	0	0	0	0	0	0	0	0	0	0	0.999
NLGN3	NRXN2	0	0	0	0	0	0	0	0	0	0	0.999
NLGN3	DLG4	0	0	0	0	0	0	0	0	0	0	0.995
NLGN3	SHANK3	0	0	0	0	0	0	0	0	0	0	0.993
NLGN3	SHANK2	0	0	0	0	0	0	0	0	0	0	0.958
NLGN3	NRXN3	0	0	0	0	0	0	0	0	0	0	0.94
NLGN3	CNTNAP2	0	0	0	0	0	0	0	0	0	0	0.913
NLGN3	SHANK1	0	0	0	0	0	0	0	0	0	0	0.904
NLGN3	PTPRD	0	0	0	0	0	0	0	0	0	0	0.902
NLGN3	DLG3	0	0	0	0	0	0	0	0	0	0	0.885
NLGN4X	NRXN1	0	0	0	0	0	0	0	0	0	0	0.999
NLGN4X	NRXN2	0	0	0	0	0	0	0	0	0	0	0.999
NLGN4X	SHANK3	0	0	0	0	0	0	0	0	0	0	0.995
NLGN4X	DLG4	0	0	0	0	0	0	0	0	0	0	0.995
NLGN4X	SHANK2	0	0	0	0	0	0	0	0	0	0	0.964
NLGN4X	SHANK1	0	0	0	0	0	0	0	0	0	0	0.894
NLGN4X	CNTNAP2	0	0	0	0	0	0	0	0	0	0	0.867
NLGN4X	DLG3	0	0	0	0	0	0	0	0	0	0	0.863
NLGN4X	DLGAP1	0	0	0	0	0	0	0	0	0	0	0.861
NLGN4X	NRXN3	0	0	0	0	0	0	0	0	0	0	0.859
NRXN1	NLGN2	0	0	0	0	0	0	0	0	0	0	0.999
NRXN1	NLGN3	0	0	0	0	0	0	0	0	0	0	0.999
NRXN1	NLGN1	0	0	0	0	0	0	0	0	0	0	0.999
NRXN1	NLGN4Y	0	0	0	0	0	0	0	0	0	0	0.999
NRXN1	NLGN4X	0	0	0	0	0	0	0	0	0	0	0.999
NRXN1	DAG1	0	0	0	0	0	0	0	0	0	0	0.998
NRXN1	LRRTM2	0	0	0	0	0	0	0	0	0	0	0.997
NRXN1	CBLN1	0	0	0	0	0	0	0	0	0	0	0.994
NRXN1	DLG4	0	0	0	0	0	0	0	0	0	0	0.991
NRXN1	NXPH1	0	0	0	0	0	0	0	0	0	0	0.973
PTEN	TP53	0	0	0	0	0	0	0	0	0	0	0.999
PTEN	MAGI2	0	0	0	0	0	0	0	0	0	0	0.998
PTEN	PIK3R1	0	0	0	0	0	0	0	0	0	0	0.997
PTEN	DLG1	0	0	0	0	0	0	0	0	0	0	0.996
PTEN	PTK2	0	0	0	0	0	0	0	0	0	0	0.995
PTEN	PIK3CA	0	0	0	0	0	0	0	0	0	0	0.995
PTEN	MAST2	0	0	0	0	0	0	0	0	0	0	0.993
PTEN	PREX2	0	0	0	0	0	0	0	0	0	0	0.99
PTEN	SPOP	0	0	0	0	0	0	0	0	0	0	0.99
PTEN	AKT1	0	0	0	0	0	0	0	0	0	0	0.988
UBE3A	TP53	0	0	0	0	0	0	0	0	0	0	0.999
UBE3A	UBE2L3	0	0	0	0	0	0	0	0	0	0	0.999
UBE3A	PSMD4	0	0	0	0	0	0	0	0	0	0	0.994
UBE3A	UBE2D1	0	0	0	0	0	0	0	0	0	0	0.984
UBE3A	UBE2D2	0	0	0	0	0	0	0	0	0	0	0.984
UBE3A	TSC2	0	0	0	0	0	0	0	0	0	0	0.981
UBE3A	SCRIB	0	0	0	0	0	0	0	0	0	0	0.98
UBE3A	DLG1	0	0	0	0	0	0	0	0	0	0	0.974
UBE3A	RAD23A	0	0	0	0	0	0	0	0	0	0	0.974
UBE3A	CTNNB1	0	0	0	0	0	0	0	0	0	0	0.974
